-0.000000116926,0.000349168154
-0.000000116526,0.000349168154
-0.000000116126,0.000349168154
-0.000000115726,-0.001396672617
-0.000000115326,-0.001396672617
-0.000000114926,-0.003142513388
-0.000000114526,-0.001396672617
-0.000000114126,0.003840849696
-0.000000113726,0.000349168154
-0.000000113326,-0.001396672617
-0.000000112926,-0.001396672617
-0.000000112526,0.000349168154
-0.000000112126,0.000349168154
-0.000000111726,-0.001396672617
-0.000000111326,0.002095008925
-0.000000110926,0.000349168154
-0.000000110526,-0.003142513388
-0.000000110126,0.002095008925
-0.000000109726,-0.004888354159
-0.000000109326,0.000349168154
-0.000000108926,0.000349168154
-0.000000108526,-0.001396672617
-0.000000108126,0.002095008925
-0.000000107726,-0.004888354159
-0.000000107326,0.000349168154
-0.000000106926,-0.001396672617
-0.000000106526,-0.003142513388
-0.000000106126,0.002095008925
-0.000000105726,-0.003142513388
-0.000000105326,0.002095008925
-0.000000104926,0.002095008925
-0.000000104526,0.000349168154
-0.000000104126,-0.001396672617
-0.000000103726,0.000349168154
-0.000000103326,0.002095008925
-0.000000102926,-0.001396672617
-0.000000102526,-0.003142513388
-0.000000102126,0.002095008925
-0.000000101726,0.005586690467
-0.000000101326,0.002095008925
-0.000000100926,0.000349168154
-0.000000100526,0.000349168154
-0.000000100126,0.002095008925
-0.000000099726,-0.001396672617
-0.000000099326,-0.001396672617
-0.000000098926,-0.001396672617
-0.000000098526,-0.003142513388
-0.000000098126,0.002095008925
-0.000000097726,-0.001396672617
-0.000000097326,0.002095008925
-0.000000096926,-0.001396672617
-0.000000096526,-0.003142513388
-0.000000096126,-0.003142513388
-0.000000095726,-0.001396672617
-0.000000095326,0.000349168154
-0.000000094926,-0.001396672617
-0.000000094526,-0.003142513388
-0.000000094126,0.002095008925
-0.000000093726,-0.001396672617
-0.000000093326,0.002095008925
-0.000000092926,0.002095008925
-0.000000092526,-0.001396672617
-0.000000092126,0.000349168154
-0.000000091726,-0.001396672617
-0.000000091326,-0.001396672617
-0.000000090926,-0.003142513388
-0.000000090526,-0.003142513388
-0.000000090126,0.005586690467
-0.000000089726,-0.003142513388
-0.000000089326,-0.001396672617
-0.000000088926,-0.001396672617
-0.000000088526,0.000349168154
-0.000000088126,0.002095008925
-0.000000087726,-0.003142513388
-0.000000087326,0.000349168154
-0.000000086926,-0.001396672617
-0.000000086526,0.000349168154
-0.000000086126,0.000349168154
-0.000000085726,-0.001396672617
-0.000000085326,0.002095008925
-0.000000084926,0.000349168154
-0.000000084526,0.000349168154
-0.000000084126,0.005586690467
-0.000000083726,0.000349168154
-0.000000083326,0.003840849696
-0.000000082926,-0.001396672617
-0.000000082526,0.000349168154
-0.000000082126,0.003840849696
-0.000000081726,0.002095008925
-0.000000081326,0.002095008925
-0.000000080926,-0.001396672617
-0.000000080526,0.000349168154
-0.000000080126,0.000349168154
-0.000000079726,-0.001396672617
-0.000000079326,0.002095008925
-0.000000078926,-0.001396672617
-0.000000078526,-0.001396672617
-0.000000078126,0.000349168154
-0.000000077726,-0.001396672617
-0.000000077326,0.002095008925
-0.000000076926,0.000349168154
-0.000000076526,0.000349168154
-0.000000076126,0.003840849696
-0.000000075726,-0.001396672617
-0.000000075326,0.002095008925
-0.000000074926,0.000349168154
-0.000000074526,0.002095008925
-0.000000074126,0.003840849696
-0.000000073726,-0.003142513388
-0.000000073326,0.003840849696
-0.000000072926,-0.003142513388
-0.000000072526,0.000349168154
-0.000000072126,0.000349168154
-0.000000071726,-0.001396672617
-0.000000071326,0.000349168154
-0.000000070926,-0.001396672617
-0.000000070526,-0.004888354159
-0.000000070126,0.002095008925
-0.000000069726,-0.001396672617
-0.000000069326,0.002095008925
-0.000000068926,0.000349168154
-0.000000068526,-0.003142513388
-0.000000068126,0.000349168154
-0.000000067726,-0.001396672617
-0.000000067326,0.000349168154
-0.000000066926,-0.001396672617
-0.000000066526,-0.004888354159
-0.000000066126,0.002095008925
-0.000000065726,-0.001396672617
-0.000000065326,0.002095008925
-0.000000064926,-0.001396672617
-0.000000064526,0.000349168154
-0.000000064126,0.000349168154
-0.000000063726,-0.001396672617
-0.000000063326,0.003840849696
-0.000000062926,-0.003142513388
-0.000000062526,-0.003142513388
-0.000000062126,0.002095008925
-0.000000061726,-0.003142513388
-0.000000061326,0.000349168154
-0.000000060926,-0.001396672617
-0.000000060526,0.000349168154
-0.000000060126,0.000349168154
-0.000000059726,0.000349168154
-0.000000059326,0.002095008925
-0.000000058926,-0.003142513388
-0.000000058526,-0.001396672617
-0.000000058126,0.002095008925
-0.000000057726,0.000349168154
-0.000000057326,0.003840849696
-0.000000056926,0.002095008925
-0.000000056526,-0.001396672617
-0.000000056126,-0.001396672617
-0.000000055726,0.002095008925
-0.000000055326,0.005586690467
-0.000000054926,0.000349168154
-0.000000054526,-0.001396672617
-0.000000054126,0.002095008925
-0.000000053726,0.003840849696
-0.000000053326,0.000349168154
-0.000000052926,0.000349168154
-0.000000052526,0.000349168154
-0.000000052126,0.003840849696
-0.000000051726,0.000349168154
-0.000000051326,0.000349168154
-0.000000050926,-0.001396672617
-0.000000050526,0.000349168154
-0.000000050126,0.000349168154
-0.000000049726,-0.001396672617
-0.000000049326,-0.001396672617
-0.000000048926,-0.001396672617
-0.000000048526,0.000349168154
-0.000000048126,0.005586690467
-0.000000047726,0.000349168154
-0.000000047326,0.002095008925
-0.000000046926,0.000349168154
-0.000000046526,-0.003142513388
-0.000000046126,0.002095008925
-0.000000045726,0.000349168154
-0.000000045326,0.000349168154
-0.000000044926,0.000349168154
-0.000000044526,-0.001396672617
-0.000000044126,0.000349168154
-0.000000043726,-0.001396672617
-0.000000043326,0.003840849696
-0.000000042926,0.000349168154
-0.000000042526,-0.003142513388
-0.000000042126,0.002095008925
-0.000000041726,0.000349168154
-0.000000041326,-0.001396672617
-0.000000040926,-0.001396672617
-0.000000040526,0.000349168154
-0.000000040126,0.002095008925
-0.000000039726,-0.003142513388
-0.000000039326,0.000349168154
-0.000000038926,-0.001396672617
-0.000000038526,-0.001396672617
-0.000000038126,0.000349168154
-0.000000037726,-0.001396672617
-0.000000037326,0.002095008925
-0.000000036926,0.002095008925
-0.000000036526,-0.001396672617
-0.000000036126,0.002095008925
-0.000000035726,-0.001396672617
-0.000000035326,0.002095008925
-0.000000034926,-0.001396672617
-0.000000034526,-0.003142513388
-0.000000034126,0.000349168154
-0.000000033726,0.000349168154
-0.000000033326,0.002095008925
-0.000000032926,0.000349168154
-0.000000032526,-0.001396672617
-0.000000032126,0.003840849696
-0.000000031726,-0.003142513388
-0.000000031326,0.002095008925
-0.000000030926,-0.001396672617
-0.000000030526,0.000349168154
-0.000000030126,0.002095008925
-0.000000029726,-0.003142513388
-0.000000029326,0.000349168154
-0.000000028926,0.000349168154
-0.000000028526,0.000349168154
-0.000000028126,-0.001396672617
-0.000000027726,0.000349168154
-0.000000027326,0.002095008925
-0.000000026926,0.000349168154
-0.000000026526,-0.003142513388
-0.000000026126,0.002095008925
-0.000000025726,0.000349168154
-0.000000025326,0.000349168154
-0.000000024926,-0.001396672617
-0.000000024526,0.003840849696
-0.000000024126,0.003840849696
-0.000000023726,-0.003142513388
-0.000000023326,0.000349168154
-0.000000022926,0.002095008925
-0.000000022526,-0.003142513388
-0.000000022126,0.002095008925
-0.000000021726,-0.004888354159
-0.000000021326,0.003840849696
-0.000000020926,0.002095008925
-0.000000020526,-0.001396672617
-0.000000020126,0.002095008925
-0.000000019726,-0.001396672617
-0.000000019326,0.000349168154
-0.000000018926,-0.001396672617
-0.000000018526,-0.003142513388
-0.000000018126,0.002095008925
-0.000000017726,-0.001396672617
-0.000000017326,0.000349168154
-0.000000016926,-0.001396672617
-0.000000016526,0.000349168154
-0.000000016126,-0.001396672617
-0.000000015726,0.000349168154
-0.000000015326,0.000349168154
-0.000000014926,0.000349168154
-0.000000014526,0.000349168154
-0.000000014126,0.000349168154
-0.000000013726,-0.001396672617
-0.000000013326,-0.001396672617
-0.000000012926,0.002095008925
-0.000000012526,0.000349168154
-0.000000012126,0.002095008925
-0.000000011726,0.000349168154
-0.000000011326,0.000349168154
-0.000000010926,-0.003142513388
-0.000000010526,-0.003142513388
-0.000000010126,0.000349168154
-0.000000009726,0.000349168154
-0.000000009326,0.002095008925
-0.000000008926,0.003840849696
-0.000000008526,-0.003142513388
-0.000000008126,0.000349168154
-0.000000007726,-0.001396672617
-0.000000007326,0.002095008925
-0.000000006926,-0.003142513388
-0.000000006526,-0.004888354159
-0.000000006126,0.002095008925
-0.000000005726,0.000349168154
-0.000000005326,-0.001396672617
-0.000000004926,-0.001396672617
-0.000000004526,-0.001396672617
-0.000000004126,0.000349168154
-0.000000003726,0.000349168154
-0.000000003326,0.005586690467
-0.000000002926,0.005586690467
-0.000000002526,-0.006634194807
-0.000000002126,0.000349168154
-0.000000001726,0.033520195568
-0.000000001326,0.040503505640
-0.000000000926,0.023045097931
-0.000000000526,0.026536779473
-0.000000000126,0.033520195077
0.000000000274,0.050978656044
0.000000000674,0.050978549039
0.000000001074,0.073674533668
0.000000001474,0.080657895279
0.000000001874,0.112083135425
0.000000002274,0.131287119214
0.000000002674,0.162712363287
0.000000003074,0.169695828959
0.000000003474,0.201120860984
0.000000003874,0.213341905293
0.000000004274,0.262225336438
0.000000004674,0.276192071441
0.000000005074,0.340788650814
0.000000005474,0.358246539449
0.000000005874,0.417604593825
0.000000006274,0.429825724524
0.000000006674,0.464743606560
0.000000007074,0.482202555431
0.000000007474,0.534577234452
0.000000007874,0.548542917072
0.000000008274,0.595680877424
0.000000008674,0.607902039538
0.000000009074,0.651547786021
0.000000009474,0.658532198051
0.000000009874,0.681227865591
0.000000010274,0.686464599967
0.000000010674,0.705669106021
0.000000011074,0.709160267507
0.000000011474,0.723128054893
0.000000011874,0.728364773561
0.000000012274,0.733602576027
0.000000012674,0.737094789895
0.000000013074,0.740586988057
0.000000013474,0.735348148916
0.000000013874,0.719636893406
0.000000014274,0.716144679538
0.000000014674,0.710905856104
0.000000015074,0.709160267507
0.000000015474,0.702177960242
0.000000015874,0.702177960242
0.000000016274,0.693447959615
0.000000016674,0.688210172857
0.000000017074,0.675991146923
0.000000017474,0.672497864964
0.000000017874,0.667260078206
0.000000018274,0.665514505317
0.000000018674,0.662023359538
0.000000019074,0.656786625162
0.000000019474,0.656786625162
0.000000019874,0.658532198051
0.000000020274,0.658532198051
0.000000020674,0.656786625162
0.000000021074,0.651547786021
0.000000021474,0.646309999263
0.000000021874,0.648055572152
0.000000022274,0.649802213132
0.000000022674,0.651547770314
0.000000023074,0.651547786021
0.000000023474,0.651547786021
0.000000023874,0.649802213132
0.000000024274,0.642818837777
0.000000024674,0.639326639615
0.000000025074,0.639327691998
0.000000025474,0.637581066725
0.000000025874,0.635835478129
0.000000026274,0.630596638988
0.000000026674,0.628852118481
0.000000027074,0.625359904612
0.000000027474,0.620123170236
0.000000027874,0.621868758833
0.000000028274,0.616630956368
0.000000028674,0.616630956368
0.000000029074,0.609646560044
0.000000029474,0.609646560044
0.000000029874,0.604409809962
0.000000030274,0.600918648475
0.000000030674,0.602664221365
0.000000031074,0.602664221365
0.000000031474,0.597427502696
0.000000031874,0.593936356917
0.000000032274,0.586950892504
0.000000032674,0.588697517776
0.000000033074,0.588697517776
0.000000033474,0.586950892504
0.000000033874,0.583459731018
0.000000034274,0.583459731018
0.000000034674,0.579968569532
0.000000035074,0.579968569532
0.000000035474,0.576477423753
0.000000035874,0.578222996642
0.000000036274,0.574731850864
0.000000036674,0.578222996642
0.000000037074,0.574731850864
0.000000037474,0.572986262267
0.000000037874,0.567747423126
0.000000038274,0.567747423126
0.000000038674,0.567747407419
0.000000039074,0.569494048398
0.000000039474,0.564255209257
0.000000039874,0.564255209257
0.000000040274,0.562509636368
0.000000040674,0.564255209257
0.000000041074,0.559018490589
0.000000041474,0.557272917699
0.000000041874,0.560764063478
0.000000042274,0.559018490589
0.000000042674,0.555527344810
0.000000043074,0.553781756213
0.000000043474,0.553781756213
0.000000043874,0.553781756213
0.000000044274,0.552036167616
0.000000044674,0.552036167616
0.000000045074,0.548543953747
0.000000045474,0.545050703203
0.000000045874,0.550290579020
0.000000046274,0.545050703203
0.000000046674,0.543305130314
0.000000047074,0.541559557424
0.000000047474,0.541559557424
0.000000047874,0.545051755586
0.000000048274,0.541559557424
0.000000048674,0.539813984535
0.000000049074,0.534577250159
0.000000049474,0.534577250159
0.000000049874,0.534577250159
0.000000050274,0.531086088673
0.000000050674,0.529340500076
0.000000051074,0.529340500076
0.000000051474,0.529339463401
0.000000051874,0.529340500076
0.000000052274,0.527593874804
0.000000052674,0.529340500076
0.000000053074,0.524100624260
0.000000053474,0.524101660935
0.000000053874,0.524100624260
0.000000054274,0.522355051370
0.000000054674,0.518863889884
0.000000055074,0.518863889884
0.000000055474,0.517118301287
0.000000055874,0.515372728398
0.000000056274,0.508390421133
0.000000056674,0.511881566912
0.000000057074,0.508390421133
0.000000057474,0.510135994022
0.000000057874,0.504897154881
0.000000058274,0.504897154881
0.000000058674,0.506643795861
0.000000059074,0.506643795861
0.000000059474,0.503150529609
0.000000059874,0.499659352416
0.000000060274,0.497913779526
0.000000060674,0.499659368123
0.000000061074,0.496168206637
0.000000061474,0.494422633747
0.000000061874,0.492677060858
0.000000062274,0.494422633747
0.000000062674,0.490931487968
0.000000063074,0.490931487968
0.000000063474,0.487440342189
0.000000063874,0.485693701210
0.000000064274,0.485693701210
0.000000064674,0.487440342189
0.000000065074,0.485693701210
0.000000065474,0.482200419251
0.000000065874,0.480454846362
0.000000066274,0.478709273473
0.000000066674,0.480454846362
0.000000067074,0.478709273472
0.000000067474,0.476963700583
0.000000067874,0.478709273473
0.000000068274,0.473472554804
0.000000068674,0.475218127694
0.000000069074,0.471726981915
0.000000069474,0.475218127694
0.000000069874,0.473472554804
0.000000070274,0.469981409025
0.000000070674,0.466490247539
0.000000071074,0.466489195156
0.000000071474,0.468235836136
0.000000071874,0.466489195156
0.000000072274,0.462996981287
0.000000072674,0.462996981287
0.000000073074,0.462996965580
0.000000073474,0.462996965580
0.000000073874,0.461251392691
0.000000074274,0.461251392691
0.000000074674,0.459504767419
0.000000075074,0.456013621640
0.000000075474,0.456013621640
0.000000075874,0.454268033043
0.000000076274,0.452522475861
0.000000076674,0.452522475861
0.000000077074,0.450776887264
0.000000077474,0.450776887264
0.000000077874,0.454268048750
0.000000078274,0.452522475861
0.000000078674,0.449031298667
0.000000079074,0.449031298667
0.000000079474,0.449031298667
0.000000079874,0.450776887264
0.000000080274,0.443792459526
0.000000080674,0.447285710071
0.000000081074,0.442045834254
0.000000081474,0.442045834254
0.000000081874,0.445539084798
0.000000082274,0.442045834254
0.000000082674,0.442045834254
0.000000083074,0.443792459526
0.000000083474,0.442045834254
0.000000083874,0.440300261365
0.000000084274,0.433317938392
0.000000084674,0.436809115586
0.000000085074,0.431572349796
0.000000085474,0.429825724524
0.000000085874,0.433317938392
0.000000086274,0.426333526362
0.000000086674,0.431572349796
0.000000087074,0.431572349796
0.000000087474,0.429825724524
0.000000087874,0.428080151634
0.000000088274,0.426333526362
0.000000088674,0.428080151634
0.000000089074,0.424587953472
0.000000089474,0.424587953472
0.000000089874,0.422841328200
0.000000090274,0.421095755311
0.000000090674,0.417604578117
0.000000091074,0.419350166714
0.000000091474,0.414113432338
0.000000091874,0.415859005228
0.000000092274,0.415859005228
0.000000092674,0.414113416631
0.000000093074,0.412367859449
0.000000093474,0.412367859449
0.000000093874,0.410622270852
0.000000094274,0.414113432338
0.000000094674,0.408875645580
0.000000095074,0.410622270852
0.000000095474,0.408875645580
0.000000095874,0.408875645580
0.000000096274,0.407130072691
0.000000096674,0.405383447419
0.000000097074,0.403637874529
0.000000097474,0.400146720896
0.000000097874,0.405383447419
0.000000098274,0.403637866675
0.000000098674,0.401892301640
0.000000099074,0.400146713043
0.000000099474,0.401892293786
0.000000099874,0.401891241403
0.000000100274,0.400146720896
0.000000100674,0.398401132300
0.000000101074,0.391417772652
0.000000101474,0.391417772652
0.000000101874,0.394908918431
0.000000102274,0.393163345541
0.000000102674,0.391417764798
0.000000103074,0.387926611166
0.000000103474,0.393163345541
0.000000103874,0.389672191909
0.000000104274,0.386181038276
0.000000104674,0.386181038276
0.000000105074,0.386181030423
0.000000105474,0.386179985894
0.000000105874,0.386181030423
0.000000106274,0.384435457533
0.000000106674,0.384435457533
0.000000107074,0.384435457533
0.000000107474,0.379196626246
0.000000107874,0.380943251518
0.000000108274,0.380942206989
0.000000108674,0.380943251518
0.000000109074,0.377451045503
0.000000109474,0.377451045503
0.000000109874,0.377449993120
0.000000110274,0.375704412377
0.000000110674,0.375704412377
0.000000111074,0.373958839488
0.000000111474,0.375705464760
0.000000111874,0.377451045503
0.000000112274,0.372213258745
0.000000112674,0.373958831634
0.000000113074,0.368722105112
0.000000113474,0.370467685855
0.000000113874,0.372213258745
0.000000114274,0.366976532222
0.000000114674,0.366976532222
0.000000115074,0.365230951479
0.000000115474,0.366976532222
0.000000115874,0.366976532222
0.000000116274,0.363485370736
0.000000116674,0.365230951479
0.000000117074,0.363484318354
0.000000117474,0.361738737611
0.000000117874,0.358246531595
0.000000118274,0.356499898470
0.000000118674,0.358246531595
0.000000119074,0.359992104485
0.000000119474,0.354755385816
0.000000119874,0.356500958706
0.000000120274,0.353008744837
0.000000120674,0.356500958706
0.000000121074,0.349517591204
0.000000121474,0.353008752691
0.000000121874,0.349517591204
0.000000122274,0.349517591204
0.000000122674,0.349517591204
0.000000123074,0.347772010461
0.000000123474,0.346026445425
0.000000123874,0.346026437572
0.000000124274,0.344280864682
0.000000124674,0.346026437572
0.000000125074,0.342534231557
0.000000125474,0.342534231557
0.000000125874,0.342535291793
0.000000126274,0.342535291793
0.000000126674,0.342535291793
0.000000127074,0.339042025541
0.000000127474,0.340788658667
0.000000127874,0.340788658667
0.000000128274,0.339042025541
0.000000128674,0.335550864055
0.000000129074,0.339042025541
0.000000129474,0.333804230930
0.000000129874,0.335550864055
0.000000130274,0.335550864055
0.000000130674,0.335550864055
0.000000131074,0.335550864055
0.000000131474,0.333805283312
0.000000131874,0.335550864055
0.000000132274,0.330313077297
0.000000132674,0.332058650186
0.000000133074,0.328567504407
0.000000133474,0.326821923664
0.000000133874,0.328567504407
0.000000134274,0.326821923664
0.000000134674,0.326821931518
0.000000135074,0.325076350775
0.000000135474,0.326821931518
0.000000135874,0.325076350775
0.000000136274,0.321584875145
0.000000136674,0.321584875145
0.000000137074,0.321584136906
0.000000137474,0.321584875145
0.000000137874,0.321584875145
0.000000138274,0.319838242019
0.000000138674,0.318092669129
0.000000139074,0.316346036004
0.000000139474,0.318092449229
0.000000139874,0.319839082354
0.000000140274,0.316345816103
0.000000140674,0.316345816103
0.000000141074,0.312854670324
0.000000141474,0.314600243213
0.000000141874,0.316346036004
0.000000142274,0.311108775437
0.000000142674,0.311108885387
0.000000143074,0.309362990500
0.000000143474,0.312854670324
0.000000143874,0.312854670324
0.000000144274,0.307617095613
0.000000144674,0.307617095613
0.000000145074,0.307617095613
0.000000145474,0.305871200726
0.000000145874,0.307617095613
0.000000146274,0.305871200726
0.000000146674,0.305871200726
0.000000147074,0.302379622999
0.000000147474,0.302379615145
0.000000147874,0.304125407935
0.000000148274,0.298888045272
0.000000148674,0.300633830208
0.000000149074,0.298888045272
0.000000149474,0.298888045272
0.000000149874,0.300633830208
0.000000150274,0.302379615145
0.000000150674,0.298888045272
0.000000151074,0.298887935321
0.000000151473,0.297142260335
0.000000151873,0.297142260335
0.000000152273,0.295396365448
0.000000152673,0.293650470560
0.000000153073,0.293650470560
0.000000153473,0.291904575673
0.000000153873,0.295396365448
0.000000154273,0.293650470560
0.000000154673,0.293650470560
0.000000155073,0.295396365448
0.000000155473,0.288413005800
0.000000155873,0.290158790737
0.000000156273,0.286667220863
0.000000156673,0.290158790737
0.000000157073,0.288413005800
0.000000157473,0.286667220863
0.000000157873,0.286667220863
0.000000158273,0.281429536202
0.000000158673,0.286667220863
0.000000159073,0.284921325976
0.000000159473,0.283175431089
0.000000159873,0.284921325976
0.000000160273,0.279683751265
0.000000160673,0.283175431089
0.000000161073,0.281429536202
0.000000161473,0.279683751265
0.000000161873,0.279683743411
0.000000162273,0.279683751265
0.000000162673,0.279683743411
0.000000163073,0.277937958475
0.000000163473,0.277937958475
0.000000163873,0.277937958475
0.000000164273,0.276192173538
0.000000164673,0.277937958475
0.000000165073,0.274446278651
0.000000165473,0.274446278651
0.000000165873,0.276192173538
0.000000166273,0.274446278651
0.000000166673,0.272700391617
0.000000167073,0.272700485860
0.000000167473,0.269208703940
0.000000167873,0.270954496730
0.000000168273,0.267462809052
0.000000168673,0.267462809052
0.000000169073,0.265717024116
0.000000169473,0.265717024116
0.000000169873,0.269208703940
0.000000170273,0.269208703940
0.000000170673,0.265717016262
0.000000171073,0.265717016262
0.000000171473,0.263971129229
0.000000171873,0.263971129229
0.000000172273,0.260479551501
0.000000172673,0.262225438535
0.000000173073,0.262225242195
0.000000173473,0.260479449405
0.000000173873,0.260479449405
0.000000174273,0.262225336438
0.000000174673,0.258733664468
0.000000175073,0.258733554517
0.000000175473,0.256987761727
0.000000175873,0.258733554517
0.000000176273,0.256987769581
0.000000176673,0.256987769581
0.000000177073,0.253496081903
0.000000177473,0.253496081903
0.000000177873,0.255241874694
0.000000178273,0.255241874694
0.000000178673,0.253495979806
0.000000179073,0.255241874694
0.000000179473,0.251750289113
0.000000179873,0.251750296967
0.000000180273,0.250004394226
0.000000180673,0.251750187016
0.000000181073,0.248258609289
0.000000181473,0.250004402079
0.000000181873,0.253496081903
0.000000182273,0.251750289113
0.000000182673,0.244767039416
0.000000183073,0.244767039416
0.000000183473,0.243021144528
0.000000183873,0.244766929465
0.000000184273,0.244767039416
0.000000184673,0.244767039416
0.000000185073,0.244766929465
0.000000185473,0.243021144528
0.000000185873,0.243021144528
0.000000186273,0.244767039416
0.000000186673,0.243021144528
0.000000187073,0.239529464704
0.000000187473,0.241275249641
0.000000187873,0.241275249641
0.000000188273,0.239529354754
0.000000188673,0.237783569817
0.000000189073,0.237783679768
0.000000189473,0.236037784881
0.000000189873,0.241275249641
0.000000190273,0.237783569817
0.000000190673,0.237783569817
0.000000191073,0.237783569817
0.000000191473,0.232546105057
0.000000191873,0.237783569817
0.000000192273,0.232546105057
0.000000192673,0.232546105057
0.000000193073,0.232545995106
0.000000193473,0.232546105057
0.000000193873,0.234291999944
0.000000194273,0.234291889993
0.000000194673,0.229054315282
0.000000195073,0.236037784881
0.000000195473,0.232546105057
0.000000195873,0.232546105057
0.000000196273,0.229054315282
0.000000196673,0.232546105057
0.000000197073,0.227308640296
0.000000197473,0.227308530346
0.000000197873,0.229054315282
0.000000198273,0.229054315282
0.000000198673,0.227308530346
0.000000199073,0.220325060747
0.000000199473,0.225562745409
0.000000199873,0.225562745409
0.000000200273,0.223816842668
0.000000200673,0.223816842668
0.000000201073,0.222070955635
0.000000201473,0.223816850522
0.000000201873,0.223816850522
0.000000202273,0.222070955635
0.000000202673,0.222071057731
0.000000203073,0.222071057731
0.000000203473,0.220325060747
0.000000203873,0.220325060747
0.000000204273,0.218579267957
0.000000204673,0.220325162844
0.000000205073,0.216833373070
0.000000205473,0.218579267957
0.000000205873,0.215087478183
0.000000206273,0.213341693246
0.000000206673,0.215087478183
0.000000207073,0.213341685392
0.000000207473,0.216833373070
0.000000207872,0.215087478183
0.000000208272,0.213341693246
0.000000208672,0.213341693246
0.000000209072,0.213341685392
0.000000209472,0.215087588133
0.000000209872,0.213341693246
0.000000210272,0.209850107665
0.000000210672,0.215087478183
0.000000211072,0.211595900456
0.000000211472,0.209850115519
0.000000211872,0.211595900456
0.000000212272,0.206358427841
0.000000212672,0.208104220632
0.000000213072,0.208104322729
0.000000213472,0.208104322729
0.000000213872,0.209850005569
0.000000214272,0.208104212778
0.000000214672,0.208104322729
0.000000215072,0.208104212778
0.000000215472,0.202866748018
0.000000215872,0.208104322729
0.000000216272,0.204612642905
0.000000216672,0.206358537792
0.000000217072,0.204612642905
0.000000217472,0.204612642905
0.000000217872,0.204612642905
0.000000218272,0.199375068194
0.000000218672,0.202866857968
0.000000219072,0.202866748018
0.000000219472,0.201120963081
0.000000219872,0.201120853130
0.000000220272,0.199375068194
0.000000220672,0.199375068194
0.000000221072,0.199375068194
0.000000221472,0.199375178144
0.000000221872,0.197629173307
0.000000222272,0.197629173307
0.000000222672,0.195883498320
0.000000223072,0.195883498320
0.000000223472,0.197629173307
0.000000223872,0.199375068194
0.000000224272,0.194137603433
0.000000224672,0.195883498320
0.000000225072,0.188900024795
0.000000225472,0.188900024795
0.000000225872,0.190645919682
0.000000226272,0.190645919682
0.000000226672,0.192391708546
0.000000227072,0.188900130819
0.000000227472,0.188900024795
0.000000227872,0.190645919682
0.000000228272,0.194137603433
0.000000228672,0.190645919682
0.000000229072,0.183662556108
0.000000229472,0.185408344971
0.000000229872,0.190645919682
0.000000230272,0.187154133835
0.000000230672,0.187154235932
0.000000231072,0.185408344971
0.000000231472,0.183662556108
0.000000231872,0.183662556108
0.000000232272,0.181916767244
0.000000232672,0.183662556108
0.000000233072,0.178424985323
0.000000233472,0.180170876284
0.000000233872,0.181916665147
0.000000234272,0.178424985323
0.000000234672,0.183662556108
0.000000235072,0.180170876284
0.000000235472,0.178424985323
0.000000235872,0.180170774187
0.000000236272,0.176679090436
0.000000236672,0.174933301573
0.000000237072,0.173187512709
0.000000237472,0.178424985323
0.000000237872,0.174933407596
0.000000238272,0.173187512709
0.000000238672,0.178424985323
0.000000239072,0.180170876284
0.000000239472,0.173187512709
0.000000239872,0.171441617822
0.000000240272,0.171441723846
0.000000240672,0.173187512709
0.000000241072,0.169695722935
0.000000241472,0.171441617822
0.000000241872,0.173187512709
0.000000242272,0.169695832885
0.000000242672,0.171441617822
0.000000243072,0.171441723846
0.000000243472,0.166204145208
0.000000243872,0.169695722935
0.000000244272,0.167949934071
0.000000244672,0.169695828959
0.000000245072,0.167949934071
0.000000245472,0.166204145208
0.000000245872,0.169695828959
0.000000246272,0.164458254248
0.000000246672,0.164458356344
0.000000247072,0.164458356344
0.000000247472,0.166204145208
0.000000247872,0.166204145208
0.000000248272,0.162712363287
0.000000248672,0.162712465384
0.000000249072,0.164458356344
0.000000249472,0.164458254248
0.000000249872,0.166204145208
0.000000250272,0.164458254248
0.000000250672,0.164458356344
0.000000251072,0.164458356344
0.000000251472,0.160966574424
0.000000251872,0.160966574424
0.000000252272,0.160966570497
0.000000252672,0.162712465384
0.000000253072,0.157474788576
0.000000253472,0.155728893689
0.000000253872,0.157474788576
0.000000254272,0.159220683463
0.000000254672,0.157474788576
0.000000255072,0.157474784649
0.000000255472,0.155728999713
0.000000255872,0.157474788576
0.000000256272,0.155728893689
0.000000256672,0.157474890673
0.000000257072,0.153982998802
0.000000257472,0.152237209938
0.000000257872,0.157474788576
0.000000258272,0.155728999713
0.000000258672,0.155728893689
0.000000259072,0.157474788576
0.000000259472,0.148745632211
0.000000259872,0.148745632211
0.000000260272,0.153983104825
0.000000260672,0.152237209938
0.000000261072,0.148745632211
0.000000261472,0.150491421075
0.000000261872,0.148745632211
0.000000262272,0.148745632211
0.000000262672,0.152237209938
0.000000263072,0.146999843348
0.000000263472,0.150491421075
0.000000263872,0.148745632211
0.000000264272,0.145254054484
0.000000264672,0.148745632211
0.000000265072,0.143508265621
0.000000265472,0.143508265621
0.000000265872,0.146999843348
0.000000266272,0.143508163524
0.000000266672,0.143508265621
0.000000267072,0.145253952387
0.000000267472,0.141762374660
0.000000267872,0.141762374660
0.000000268272,0.140016483700
0.000000268672,0.143508265621
0.000000269072,0.136524697852
0.000000269472,0.140016479773
0.000000269872,0.140016483700
0.000000270272,0.140016483700
0.000000270672,0.140016483700
0.000000271072,0.138270588813
0.000000271472,0.138270592739
0.000000271872,0.138270592739
0.000000272272,0.136524697852
0.000000272672,0.136524697852
0.000000273072,0.131287119214
0.000000273472,0.134778802965
0.000000273872,0.138270588813
0.000000274272,0.134778802965
0.000000274672,0.136524697852
0.000000275072,0.134778802965
0.000000275472,0.131287225238
0.000000275873,0.129541330351
0.000000276273,0.131287119214
0.000000276673,0.131287119214
0.000000277073,0.127795541487
0.000000277473,0.129541330351
0.000000277873,0.131287119214
0.000000278273,0.131287119214
0.000000278673,0.126049756551
0.000000279073,0.127795545414
0.000000279473,0.127795545414
0.000000279873,0.124303971614
0.000000280273,0.127795541487
0.000000280673,0.129541330351
0.000000281073,0.126049756551
0.000000281473,0.129541330351
0.000000281873,0.129541330351
0.000000282273,0.124303971614
0.000000282673,0.126049756551
0.000000283073,0.127795545414
0.000000283473,0.122558186677
0.000000283873,0.124303971614
0.000000284273,0.122558076727
0.000000284673,0.124303861663
0.000000285073,0.124303971614
0.000000285473,0.126049756551
0.000000285873,0.124303971614
0.000000286273,0.119066396903
0.000000286673,0.120812291790
0.000000287073,0.119066396903
0.000000287473,0.120812291790
0.000000287873,0.120812291790
0.000000288273,0.119066396903
0.000000288673,0.120812291790
0.000000289073,0.119066396903
0.000000289473,0.119066502926
0.000000289873,0.119066396903
0.000000290273,0.119066396903
0.000000290673,0.119066396903
0.000000291073,0.119066396903
0.000000291473,0.117320502016
0.000000291873,0.119066396903
0.000000292273,0.115574713152
0.000000292673,0.115574713152
0.000000293073,0.115574713152
0.000000293473,0.115574713152
0.000000293873,0.117320502016
0.000000294273,0.117320608039
0.000000294673,0.112083029401
0.000000295073,0.113828924289
0.000000295473,0.115574713152
0.000000295873,0.115574713152
0.000000296273,0.113828924289
0.000000296673,0.115574713152
0.000000297073,0.110337240538
0.000000297473,0.115574713152
0.000000297873,0.112083135425
0.000000298273,0.112083135425
0.000000298673,0.113828924289
0.000000299073,0.115574713152
0.000000299473,0.110337240538
0.000000299873,0.112083135425
0.000000300273,0.108591345651
0.000000300673,0.110337240538
0.000000301073,0.108591345651
0.000000301473,0.110337240538
0.000000301873,0.110337240538
0.000000302273,0.110337240538
0.000000302673,0.108591345651
0.000000303073,0.106845450764
0.000000303473,0.106845560714
0.000000303873,0.105099665827
0.000000304273,0.105099665827
0.000000304673,0.105099775777
0.000000305073,0.105099665827
0.000000305473,0.105099775777
0.000000305873,0.106845450764
0.000000306273,0.106845450764
0.000000306673,0.103353880890
0.000000307073,0.103353880890
0.000000307473,0.103353880890
0.000000307873,0.101607986003
0.000000308273,0.099862201066
0.000000308673,0.103353880890
0.000000309073,0.099862201066
0.000000309473,0.099862201066
0.000000309873,0.099862201066
0.000000310273,0.099862201066
0.000000310673,0.099862201066
0.000000311073,0.098116306179
0.000000311473,0.101608095953
0.000000311873,0.101608095953
0.000000312273,0.099862201066
0.000000312673,0.101608095953
0.000000313073,0.094624622428
0.000000313473,0.098116306179
0.000000313873,0.101607986003
0.000000314273,0.094624622428
0.000000314673,0.098116306179
0.000000315073,0.092878833565
0.000000315473,0.098116306179
0.000000315873,0.098116306179
0.000000316273,0.094624622428
0.000000316673,0.094624622428
0.000000317073,0.092878833565
0.000000317473,0.094624622428
0.000000317873,0.096370411292
0.000000318273,0.094624622428
0.000000318673,0.096370411292
0.000000319073,0.094624622428
0.000000319473,0.091132940641
0.000000319873,0.096370411292
0.000000320273,0.091133044701
0.000000320673,0.091133044701
0.000000321073,0.091132940641
0.000000321473,0.094624728452
0.000000321873,0.094624622428
0.000000322273,0.091132940641
0.000000322673,0.091133044701
0.000000323073,0.087641258854
0.000000323473,0.091132940641
0.000000323873,0.092878833565
0.000000324273,0.087641258854
0.000000324673,0.091133044701
0.000000325073,0.087641258854
0.000000325473,0.089387047717
0.000000325873,0.087641258854
0.000000326273,0.085895365930
0.000000326673,0.087641258854
0.000000327073,0.087641258854
0.000000327473,0.085895471954
0.000000327873,0.087641258854
0.000000328273,0.087641258854
0.000000328673,0.085895471954
0.000000329073,0.082403792130
0.000000329473,0.084149579030
0.000000329873,0.087641258854
0.000000330273,0.085895365930
0.000000330673,0.087641258854
0.000000331073,0.082403792130
0.000000331473,0.084149579030
0.000000331874,0.087641258854
0.000000332274,0.084149579030
0.000000332674,0.084149579030
0.000000333074,0.080658005230
0.000000333474,0.084149685054
0.000000333874,0.084149579030
0.000000334274,0.080658005230
0.000000334674,0.082403792130
0.000000335074,0.080658005230
0.000000335474,0.085895471954
0.000000335874,0.084149579030
0.000000336274,0.080658005230
0.000000336674,0.084149579030
0.000000337074,0.078912110342
0.000000337474,0.082403792130
0.000000337874,0.080657897243
0.000000338274,0.075420320568
0.000000338674,0.080658005230
0.000000339074,0.082403792130
0.000000339474,0.075420320568
0.000000339874,0.077166215455
0.000000340274,0.077166215455
0.000000340674,0.078912110342
0.000000341074,0.078912110342
0.000000341474,0.078912110342
0.000000341874,0.080657897243
0.000000342274,0.075420320568
0.000000342674,0.078912110342
0.000000343074,0.078912110342
0.000000343474,0.077166215455
0.000000343874,0.077166215455
0.000000344274,0.075420320568
0.000000344674,0.078912110342
0.000000345074,0.073674533668
0.000000345474,0.073674533668
0.000000345874,0.078912110342
0.000000346274,0.075420320568
0.000000346674,0.077166215455
0.000000347074,0.073674533668
0.000000347474,0.071928746768
0.000000347874,0.075420428555
0.000000348274,0.075420320568
0.000000348674,0.073674533668
0.000000349074,0.071928746768
0.000000349474,0.073674641655
0.000000349874,0.071928746768
0.000000350274,0.071928746768
0.000000350674,0.073674533668
0.000000351074,0.070182959868
0.000000351474,0.073674533668
0.000000351874,0.075420320568
0.000000352274,0.071928746768
0.000000352674,0.075420320568
0.000000353074,0.068437064981
0.000000353474,0.071928746768
0.000000353874,0.070182851881
0.000000354274,0.070182851881
0.000000354674,0.070182851881
0.000000355074,0.071928638781
0.000000355474,0.068437064981
0.000000355874,0.068436956994
0.000000356274,0.070182851881
0.000000356674,0.071928746768
0.000000357074,0.064945383193
0.000000357474,0.066691170093
0.000000357874,0.071928746768
0.000000358274,0.068437064981
0.000000358674,0.068437064981
0.000000359074,0.071928746768
0.000000359474,0.063199488306
0.000000359874,0.064945383193
0.000000360274,0.068437064981
0.000000360674,0.070182959868
0.000000361074,0.064945383193
0.000000361474,0.063199596293
0.000000361874,0.064945275206
0.000000362274,0.066691170093
0.000000362674,0.063199488306
0.000000363074,0.063199488306
0.000000363474,0.064945383193
0.000000363874,0.064945383193
0.000000364274,0.064945383193
0.000000364674,0.064945383193
0.000000365074,0.064945275206
0.000000365474,0.066691170093
0.000000365874,0.064945275206
0.000000366274,0.061453701406
0.000000366674,0.066691170093
0.000000367074,0.063199596293
0.000000367474,0.063199488306
0.000000367874,0.063199488306
0.000000368274,0.061453701406
0.000000368674,0.066691170093
0.000000369074,0.059707914506
0.000000369474,0.061453701406
0.000000369874,0.061453701406
0.000000370274,0.061453701406
0.000000370674,0.063199488306
0.000000371074,0.061453593419
0.000000371474,0.059707914506
0.000000371874,0.057962019619
0.000000372274,0.059707806519
0.000000372674,0.061453701406
0.000000373074,0.054470229844
0.000000373474,0.056216124732
0.000000373874,0.061453701406
0.000000374274,0.057962019619
0.000000374674,0.059707914506
0.000000375074,0.057962019619
0.000000375474,0.056216124732
0.000000375874,0.057962019619
0.000000376274,0.056216124732
0.000000376674,0.056216232719
0.000000377074,0.054470229844
0.000000377474,0.056216124732
0.000000377874,0.057962019619
0.000000378274,0.057962019619
0.000000378674,0.056216124732
0.000000379074,0.052724550931
0.000000379474,0.054470229844
0.000000379874,0.059707914506
0.000000380274,0.054470229844
0.000000380674,0.056216124732
0.000000381074,0.054470229844
0.000000381474,0.057962019619
0.000000381874,0.056216124732
0.000000382274,0.054470229844
0.000000382674,0.054470229844
0.000000383074,0.052724550931
0.000000383474,0.054470229844
0.000000383874,0.054470229844
0.000000384274,0.050978656044
0.000000384674,0.052724442944
0.000000385074,0.052724442944
0.000000385474,0.052724442944
0.000000385874,0.054470229844
0.000000386274,0.049232869144
0.000000386674,0.054470229844
0.000000387074,0.054470229844
0.000000387474,0.050978656044
0.000000387875,0.050978656044
0.000000388275,0.052724442944
0.000000388675,0.052724442944
0.000000389075,0.050978656044
0.000000389475,0.052724442944
0.000000389875,0.054470337831
0.000000390275,0.052724442944
0.000000390675,0.052724442944
0.000000391075,0.052724442944
0.000000391475,0.050978656044
0.000000391875,0.052724442944
0.000000392275,0.047486975238
0.000000392675,0.050978549039
0.000000393075,0.050978656044
0.000000393475,0.049232869144
0.000000393875,0.054470229844
0.000000394275,0.050978656044
0.000000394675,0.050978549039
0.000000395075,0.052724442944
0.000000395475,0.047486975238
0.000000395875,0.049232762139
0.000000396275,0.049232869144
0.000000396675,0.049232762139
0.000000397075,0.047486868233
0.000000397475,0.045741081333
0.000000397875,0.049232869144
0.000000398275,0.047486975238
0.000000398675,0.050978656044
0.000000399075,0.045741081333
0.000000399475,0.047486975238
0.000000399875,0.049232869144
0.000000400275,0.043995187428
0.000000400675,0.049232762139
0.000000401075,0.047486868233
0.000000401475,0.045741081333
0.000000401875,0.050978656044
0.000000402275,0.049232762139
0.000000402675,0.049232869144
0.000000403075,0.047486975238
0.000000403475,0.045741081333
0.000000403875,0.047486975238
0.000000404275,0.047486975238
0.000000404675,0.047486975238
0.000000405075,0.043995293451
0.000000405475,0.047486975238
0.000000405875,0.047486975238
0.000000406275,0.045741081333
0.000000406675,0.047486975238
0.000000407075,0.047486975238
0.000000407475,0.045741081333
0.000000407875,0.049232869144
0.000000408275,0.042249399546
0.000000408675,0.045741081333
0.000000409075,0.042249399546
0.000000409475,0.043995293451
0.000000409875,0.043995187428
0.000000410275,0.040503611664
0.000000410675,0.043995187428
0.000000411075,0.040503611664
0.000000411475,0.043995293451
0.000000411875,0.042249505569
0.000000412275,0.045741081333
0.000000412675,0.045741187357
0.000000413075,0.043995187428
0.000000413475,0.040503611664
0.000000413875,0.043995187428
0.000000414275,0.035266035971
0.000000414675,0.043995187428
0.000000415075,0.042249399546
0.000000415475,0.040503611664
0.000000415875,0.045741081333
0.000000416275,0.038757823782
0.000000416675,0.043995187428
0.000000417075,0.040503611664
0.000000417475,0.040503611664
0.000000417875,0.043995187428
0.000000418275,0.043995293451
0.000000418675,0.040503611664
0.000000419075,0.042249399546
0.000000419475,0.038757823782
0.000000419875,0.038757717758
0.000000420275,0.037011929877
0.000000420675,0.038757717758
0.000000421075,0.040503611664
0.000000421475,0.035266035971
0.000000421875,0.042249399546
0.000000422275,0.038757823782
0.000000422675,0.040503611664
0.000000423075,0.035266035971
0.000000423475,0.038757823782
0.000000423875,0.038757717758
0.000000424275,0.040503611664
0.000000424675,0.042249399546
0.000000425075,0.038757823782
0.000000425475,0.040503611664
0.000000425875,0.037011929877
0.000000426275,0.035266035971
0.000000426675,0.037011929877
0.000000427075,0.038757823782
0.000000427475,0.033520142066
0.000000427875,0.035266035971
0.000000428275,0.038757823782
0.000000428675,0.038757717758
0.000000429075,0.033520195077
0.000000429475,0.033520195077
0.000000429875,0.042249399546
0.000000430275,0.038757823782
0.000000430675,0.037011929877
0.000000431075,0.035266035971
0.000000431475,0.037011929877
0.000000431875,0.035266035971
0.000000432275,0.033520195077
0.000000432675,0.035266088983
0.000000433075,0.035266035971
0.000000433475,0.035266035971
0.000000433875,0.038757823782
0.000000434275,0.035266035971
0.000000434675,0.037011929877
0.000000435075,0.037011929877
0.000000435475,0.033520195077
0.000000435875,0.035266035971
0.000000436275,0.033520195077
0.000000436675,0.035266035971
0.000000437075,0.033520195077
0.000000437475,0.033520195077
0.000000437875,0.035266035971
0.000000438275,0.033520195077
0.000000438675,0.035266035971
0.000000439075,0.040503611664
0.000000439475,0.035266035971
0.000000439875,0.038757823782
0.000000440275,0.031774354184
0.000000440675,0.033520195077
0.000000441075,0.033520195077
0.000000441475,0.031774301172
0.000000441875,0.037011929877
0.000000442275,0.031774301172
0.000000442675,0.033520142066
