-0.000000116830,0.003141
-0.000000116430,-0.003118
-0.000000116030,0.003141
-0.000000115630,0.003141
-0.000000115230,-0.006247
-0.000000114830,0.000011
-0.000000114430,-0.006247
-0.000000114030,0.000011
-0.000000113630,0.006270
-0.000000113230,-0.006247
-0.000000112830,0.006270
-0.000000112430,-0.003118
-0.000000112030,0.000011
-0.000000111630,0.000011
-0.000000111230,0.000011
-0.000000110830,0.009399
-0.000000110430,0.000011
-0.000000110030,-0.003118
-0.000000109630,0.000011
-0.000000109230,0.000011
-0.000000108830,0.000011
-0.000000108430,0.003141
-0.000000108030,0.003141
-0.000000107630,0.000011
-0.000000107230,0.000011
-0.000000106830,0.009399
-0.000000106430,0.000011
-0.000000106030,0.000011
-0.000000105630,0.003141
-0.000000105230,-0.003118
-0.000000104830,0.003141
-0.000000104430,-0.003118
-0.000000104030,0.000011
-0.000000103630,0.003141
-0.000000103230,-0.003118
-0.000000102830,0.003141
-0.000000102430,0.000011
-0.000000102030,0.000011
-0.000000101630,0.006270
-0.000000101230,0.000011
-0.000000100830,0.000011
-0.000000100430,-0.003118
-0.000000100030,-0.003118
-0.000000099630,0.000011
-0.000000099230,-0.003118
-0.000000098830,0.003141
-0.000000098430,-0.003118
-0.000000098030,-0.003118
-0.000000097630,0.003141
-0.000000097230,-0.003118
-0.000000096830,0.000011
-0.000000096430,-0.003118
-0.000000096030,-0.003118
-0.000000095630,0.003141
-0.000000095230,-0.006247
-0.000000094830,0.006270
-0.000000094430,0.000011
-0.000000094030,0.000011
-0.000000093630,0.006270
-0.000000093230,0.000011
-0.000000092830,0.003141
-0.000000092430,-0.003118
-0.000000092030,0.003141
-0.000000091630,0.000011
-0.000000091230,0.003141
-0.000000090830,0.003141
-0.000000090430,0.003141
-0.000000090030,-0.003118
-0.000000089630,0.006270
-0.000000089230,-0.006247
-0.000000088830,0.003141
-0.000000088430,-0.003118
-0.000000088030,-0.003118
-0.000000087630,0.000011
-0.000000087230,0.000011
-0.000000086830,0.003141
-0.000000086430,0.000011
-0.000000086030,-0.006247
-0.000000085630,0.003141
-0.000000085230,0.000011
-0.000000084830,0.006270
-0.000000084430,-0.003118
-0.000000084030,0.003141
-0.000000083630,0.003141
-0.000000083230,-0.003118
-0.000000082830,0.003141
-0.000000082430,0.000011
-0.000000082030,-0.006247
-0.000000081630,0.003141
-0.000000081230,-0.006247
-0.000000080830,0.000011
-0.000000080430,-0.003118
-0.000000080030,-0.006247
-0.000000079630,0.003141
-0.000000079230,-0.003118
-0.000000078830,0.003141
-0.000000078430,-0.003118
-0.000000078030,0.000011
-0.000000077630,0.003141
-0.000000077230,0.000011
-0.000000076830,0.003141
-0.000000076430,-0.006247
-0.000000076030,-0.006247
-0.000000075630,0.003141
-0.000000075230,0.000011
-0.000000074830,0.003141
-0.000000074430,-0.003118
-0.000000074030,0.003141
-0.000000073630,0.000011
-0.000000073230,0.000011
-0.000000072830,0.003141
-0.000000072430,-0.003118
-0.000000072030,0.003141
-0.000000071630,0.000011
-0.000000071230,-0.006247
-0.000000070830,0.003141
-0.000000070430,0.000011
-0.000000070030,0.000011
-0.000000069630,0.009399
-0.000000069230,-0.006247
-0.000000068830,0.000011
-0.000000068430,0.000011
-0.000000068030,-0.003118
-0.000000067630,0.003141
-0.000000067230,-0.003118
-0.000000066830,0.006270
-0.000000066430,-0.003118
-0.000000066030,0.000011
-0.000000065630,0.006270
-0.000000065230,-0.003118
-0.000000064830,0.006270
-0.000000064430,-0.003118
-0.000000064030,-0.003118
-0.000000063630,0.003141
-0.000000063230,-0.003118
-0.000000062830,0.003141
-0.000000062430,-0.003118
-0.000000062030,0.003141
-0.000000061630,0.006270
-0.000000061230,0.000011
-0.000000060830,0.003141
-0.000000060430,-0.006247
-0.000000060030,0.000011
-0.000000059630,0.000011
-0.000000059230,0.003141
-0.000000058830,0.006270
-0.000000058430,-0.003118
-0.000000058030,-0.003118
-0.000000057630,0.006270
-0.000000057230,-0.006247
-0.000000056830,0.003141
-0.000000056430,-0.006247
-0.000000056030,0.000011
-0.000000055630,0.000011
-0.000000055230,-0.003118
-0.000000054830,0.003141
-0.000000054430,-0.003118
-0.000000054030,-0.006247
-0.000000053630,0.006270
-0.000000053230,-0.003118
-0.000000052830,0.003141
-0.000000052430,-0.003118
-0.000000052030,-0.003118
-0.000000051630,0.006270
-0.000000051230,0.003141
-0.000000050830,0.003141
-0.000000050430,-0.006247
-0.000000050030,-0.003118
-0.000000049630,0.006270
-0.000000049230,-0.006247
-0.000000048830,0.003141
-0.000000048430,-0.006247
-0.000000048030,-0.006247
-0.000000047630,0.003141
-0.000000047230,-0.006247
-0.000000046830,0.006270
-0.000000046430,-0.003118
-0.000000046030,0.003141
-0.000000045630,0.006270
-0.000000045230,-0.003118
-0.000000044830,-0.003118
-0.000000044430,0.003141
-0.000000044030,0.000011
-0.000000043630,-0.003118
-0.000000043230,-0.006247
-0.000000042830,0.003141
-0.000000042430,-0.003118
-0.000000042030,-0.003118
-0.000000041630,0.003141
-0.000000041230,0.000011
-0.000000040830,0.003141
-0.000000040430,-0.006247
-0.000000040030,-0.006247
-0.000000039630,0.006270
-0.000000039230,-0.003118
-0.000000038830,0.003141
-0.000000038430,0.000011
-0.000000038030,0.003141
-0.000000037630,0.006270
-0.000000037230,-0.003118
-0.000000036830,-0.003118
-0.000000036430,-0.003118
-0.000000036030,-0.003118
-0.000000035630,0.000011
-0.000000035230,-0.006247
-0.000000034830,0.003141
-0.000000034430,-0.003118
-0.000000034030,0.000011
-0.000000033630,0.006270
-0.000000033230,0.000011
-0.000000032830,0.000011
-0.000000032430,-0.003118
-0.000000032030,-0.003118
-0.000000031630,0.000011
-0.000000031230,-0.003118
-0.000000030830,0.000011
-0.000000030430,-0.003118
-0.000000030030,0.003141
-0.000000029630,0.006270
-0.000000029230,-0.003118
-0.000000028830,0.003141
-0.000000028430,0.000011
-0.000000028030,0.000011
-0.000000027630,0.003141
-0.000000027230,0.003141
-0.000000026830,0.000011
-0.000000026430,-0.006247
-0.000000026030,-0.006247
-0.000000025630,0.000011
-0.000000025230,0.000011
-0.000000024830,0.003141
-0.000000024430,-0.006247
-0.000000024030,-0.009377
-0.000000023630,0.006270
-0.000000023230,-0.003118
-0.000000022830,0.006270
-0.000000022430,0.003141
-0.000000022030,0.000011
-0.000000021630,0.003141
-0.000000021230,0.000011
-0.000000020830,0.006270
-0.000000020430,-0.003118
-0.000000020030,-0.006247
-0.000000019630,0.003141
-0.000000019230,0.000011
-0.000000018830,0.006270
-0.000000018430,-0.003118
-0.000000018030,0.000011
-0.000000017630,0.003141
-0.000000017230,-0.003118
-0.000000016830,-0.003118
-0.000000016430,0.000011
-0.000000016030,0.000011
-0.000000015630,0.000011
-0.000000015230,-0.003118
-0.000000014830,0.006270
-0.000000014430,0.000011
-0.000000014030,0.000011
-0.000000013630,0.009399
-0.000000013230,-0.003118
-0.000000012830,-0.003118
-0.000000012430,-0.006247
-0.000000012030,-0.006247
-0.000000011630,0.003141
-0.000000011230,-0.006247
-0.000000010830,0.003141
-0.000000010430,-0.003118
-0.000000010030,0.003141
-0.000000009630,0.006270
-0.000000009230,0.000011
-0.000000008830,0.003141
-0.000000008430,0.000011
-0.000000008030,0.000011
-0.000000007630,0.003141
-0.000000007230,-0.006247
-0.000000006830,0.003141
-0.000000006430,-0.003118
-0.000000006030,0.000011
-0.000000005630,0.006270
-0.000000005230,-0.006247
-0.000000004830,0.003141
-0.000000004430,-0.006247
-0.000000004030,-0.015636
-0.000000003630,0.006270
-0.000000003230,0.012529
-0.000000002830,-0.075093
-0.000000002430,-0.087610
-0.000000002030,-0.006247
-0.000000001630,0.009399
-0.000000001230,-0.059446
-0.000000000830,-0.071964
-0.000000000430,-0.065705
-0.000000000030,-0.068834
0.000000000370,-0.131421
0.000000000770,-0.125162
0.000000001170,-0.143938
0.000000001570,-0.187749
0.000000001970,-0.181490
0.000000002370,-0.200267
0.000000002770,-0.291017
0.000000003170,-0.256594
0.000000003570,-0.353604
0.000000003970,-0.384898
0.000000004370,-0.400545
0.000000004770,-0.425580
0.000000005170,-0.531977
0.000000005570,-0.491296
0.000000005970,-0.544494
0.000000006370,-0.597693
0.000000006770,-0.625856
0.000000007170,-0.619598
0.000000007570,-0.725995
0.000000007970,-0.719738
0.000000008370,-0.766677
0.000000008770,-0.804230
0.000000009170,-0.816746
0.000000009570,-0.826134
0.000000009970,-0.913754
0.000000010370,-0.916884
0.000000010770,-0.945049
0.000000011170,-0.966953
0.000000011570,-1.010766
0.000000011970,-1.004506
0.000000012370,-1.076481
0.000000012770,-1.076481
0.000000013170,-1.076481
0.000000013570,-1.117162
0.000000013970,-1.139068
0.000000014370,-1.145326
0.000000014770,-1.211042
0.000000015170,-1.217300
0.000000015570,-1.217301
0.000000015970,-1.239206
0.000000016370,-1.283019
0.000000016770,-1.276758
0.000000017170,-1.333087
0.000000017570,-1.339345
0.000000017970,-1.323699
0.000000018370,-1.342475
0.000000018770,-1.367508
0.000000019170,-1.361251
0.000000019570,-1.408191
0.000000019970,-1.414449
0.000000020370,-1.414449
0.000000020770,-1.420708
0.000000021170,-1.455131
0.000000021570,-1.452001
0.000000021970,-1.486425
0.000000022370,-1.514587
0.000000022770,-1.502071
0.000000023170,-1.498942
0.000000023570,-1.514587
0.000000023970,-1.514587
0.000000024370,-1.539623
0.000000024770,-1.542752
0.000000025170,-1.549012
0.000000025570,-1.545883
0.000000025970,-1.549012
0.000000026370,-1.552140
0.000000026770,-1.580304
0.000000027170,-1.595951
0.000000027570,-1.602209
0.000000027970,-1.608469
0.000000028370,-1.605339
0.000000028770,-1.605339
0.000000029170,-1.620986
0.000000029570,-1.627245
0.000000029970,-1.633502
0.000000030370,-1.630374
0.000000030770,-1.633502
0.000000031170,-1.630374
0.000000031570,-1.620986
0.000000031970,-1.633503
0.000000032370,-1.658539
0.000000032770,-1.646021
0.000000033170,-1.658539
0.000000033570,-1.655410
0.000000033970,-1.642891
0.000000034370,-1.661668
0.000000034770,-1.677314
0.000000035170,-1.674184
0.000000035570,-1.686702
0.000000035970,-1.686702
0.000000036370,-1.674185
0.000000036770,-1.671054
0.000000037170,-1.680443
0.000000037570,-1.677314
0.000000037970,-1.686702
0.000000038370,-1.692962
0.000000038770,-1.680443
0.000000039170,-1.680443
0.000000039570,-1.689832
0.000000039970,-1.692961
0.000000040370,-1.699220
0.000000040770,-1.696091
0.000000041170,-1.705477
0.000000041570,-1.699220
0.000000041970,-1.689832
0.000000042370,-1.686702
0.000000042770,-1.699220
0.000000043170,-1.708608
0.000000043570,-1.702348
0.000000043970,-1.702348
0.000000044370,-1.699220
0.000000044770,-1.692962
0.000000045170,-1.699220
0.000000045570,-1.692962
0.000000045970,-1.696091
0.000000046370,-1.699220
0.000000046770,-1.705477
0.000000047170,-1.705477
0.000000047570,-1.696091
0.000000047970,-1.696090
0.000000048370,-1.696090
0.000000048770,-1.696091
0.000000049170,-1.708606
0.000000049570,-1.699220
0.000000049970,-1.692962
0.000000050370,-1.686702
0.000000050770,-1.696091
0.000000051170,-1.692962
0.000000051570,-1.689832
0.000000051970,-1.689832
0.000000052370,-1.696091
0.000000052770,-1.686702
0.000000053170,-1.686702
0.000000053570,-1.677314
0.000000053970,-1.674184
0.000000054370,-1.680443
0.000000054770,-1.680443
0.000000055170,-1.677314
0.000000055570,-1.677314
0.000000055970,-1.677314
0.000000056370,-1.661668
0.000000056770,-1.655410
0.000000057170,-1.667925
0.000000057570,-1.667926
0.000000057970,-1.667925
0.000000058370,-1.664796
0.000000058770,-1.655410
0.000000059170,-1.652280
0.000000059570,-1.642891
0.000000059970,-1.652280
0.000000060370,-1.642891
0.000000060770,-1.636632
0.000000061170,-1.642891
0.000000061570,-1.636632
0.000000061970,-1.630373
0.000000062370,-1.627244
0.000000062770,-1.633502
0.000000063170,-1.630373
0.000000063570,-1.617857
0.000000063970,-1.614728
0.000000064370,-1.617857
0.000000064770,-1.614728
0.000000065170,-1.620987
0.000000065570,-1.614728
0.000000065970,-1.611598
0.000000066370,-1.611598
0.000000066770,-1.608469
0.000000067170,-1.595950
0.000000067570,-1.605339
0.000000067970,-1.602209
0.000000068370,-1.599080
0.000000068770,-1.602209
0.000000069170,-1.592821
0.000000069570,-1.589692
0.000000069970,-1.583435
0.000000070370,-1.589692
0.000000070770,-1.580306
0.000000071170,-1.583435
0.000000071570,-1.580306
0.000000071970,-1.580306
0.000000072370,-1.577176
0.000000072770,-1.574046
0.000000073170,-1.583435
0.000000073570,-1.577176
0.000000073970,-1.567787
0.000000074370,-1.567787
0.000000074770,-1.561528
0.000000075170,-1.558399
0.000000075570,-1.552140
0.000000075970,-1.558398
0.000000076370,-1.549012
0.000000076770,-1.549012
0.000000077170,-1.561528
0.000000077570,-1.555270
0.000000077970,-1.545883
0.000000078370,-1.545883
0.000000078770,-1.552140
0.000000079170,-1.542753
0.000000079570,-1.539624
0.000000079970,-1.542753
0.000000080370,-1.530235
0.000000080770,-1.530235
0.000000081170,-1.536494
0.000000081570,-1.530235
0.000000081970,-1.530235
0.000000082370,-1.536494
0.000000082770,-1.520846
0.000000083170,-1.523976
0.000000083570,-1.520846
0.000000083970,-1.517717
0.000000084370,-1.511457
0.000000084770,-1.505199
0.000000085170,-1.511457
0.000000085570,-1.508328
0.000000085970,-1.502071
0.000000086370,-1.505199
0.000000086770,-1.502071
0.000000087170,-1.498941
0.000000087570,-1.498942
0.000000087970,-1.495813
0.000000088370,-1.492683
0.000000088770,-1.483294
0.000000089170,-1.486424
0.000000089570,-1.480166
0.000000089970,-1.470779
0.000000090370,-1.480165
0.000000090770,-1.470779
0.000000091170,-1.470779
0.000000091570,-1.467649
0.000000091970,-1.467649
0.000000092370,-1.464520
0.000000092770,-1.461390
0.000000093170,-1.470779
0.000000093570,-1.464520
0.000000093970,-1.452001
0.000000094370,-1.455131
0.000000094770,-1.448872
0.000000095170,-1.445742
0.000000095570,-1.439484
0.000000095970,-1.442614
0.000000096370,-1.439484
0.000000096770,-1.439484
0.000000097170,-1.436355
0.000000097570,-1.433227
0.000000097970,-1.423838
0.000000098370,-1.430097
0.000000098770,-1.426968
0.000000099170,-1.426968
0.000000099570,-1.417579
0.000000099970,-1.417579
0.000000100370,-1.417579
0.000000100770,-1.408190
0.000000101170,-1.411320
0.000000101570,-1.411320
0.000000101970,-1.401932
0.000000102370,-1.408190
0.000000102770,-1.398803
0.000000103170,-1.395675
0.000000103570,-1.395675
0.000000103970,-1.395675
0.000000104370,-1.395674
0.000000104770,-1.395675
0.000000105170,-1.395675
0.000000105570,-1.389416
0.000000105970,-1.383156
0.000000106370,-1.389416
0.000000106770,-1.386286
0.000000107170,-1.386286
0.000000107570,-1.380027
0.000000107970,-1.380027
0.000000108370,-1.376897
0.000000108770,-1.373768
0.000000109170,-1.367509
0.000000109570,-1.367508
0.000000109970,-1.364380
0.000000110370,-1.361251
0.000000110770,-1.358122
0.000000111170,-1.358122
0.000000111570,-1.361251
0.000000111970,-1.361251
0.000000112370,-1.354993
0.000000112770,-1.345604
0.000000113170,-1.348734
0.000000113570,-1.342475
0.000000113970,-1.336217
0.000000114370,-1.345604
0.000000114770,-1.336216
0.000000115170,-1.333086
0.000000115570,-1.323698
0.000000115970,-1.320570
0.000000116370,-1.320570
0.000000116770,-1.320570
0.000000117170,-1.320570
0.000000117570,-1.317441
0.000000117970,-1.314312
0.000000118370,-1.311182
0.000000118770,-1.311182
0.000000119170,-1.308052
0.000000119570,-1.301793
0.000000119970,-1.301793
0.000000120370,-1.301793
0.000000120770,-1.292405
0.000000121170,-1.298664
0.000000121570,-1.295535
0.000000121970,-1.286146
0.000000122370,-1.283018
0.000000122770,-1.286147
0.000000123170,-1.289276
0.000000123570,-1.279889
0.000000123970,-1.279888
0.000000124370,-1.276759
0.000000124770,-1.273630
0.000000125170,-1.273630
0.000000125570,-1.273630
0.000000125970,-1.261111
0.000000126370,-1.270500
0.000000126770,-1.267371
0.000000127170,-1.267371
0.000000127570,-1.257983
0.000000127970,-1.251724
0.000000128370,-1.257983
0.000000128770,-1.245467
0.000000129170,-1.248594
0.000000129570,-1.245466
0.000000129970,-1.245466
0.000000130370,-1.248595
0.000000130770,-1.232948
0.000000131170,-1.229819
0.000000131570,-1.239207
0.000000131970,-1.236078
0.000000132370,-1.229819
0.000000132770,-1.226689
0.000000133170,-1.229819
0.000000133570,-1.229819
0.000000133970,-1.223559
0.000000134370,-1.223559
0.000000134770,-1.214172
0.000000135170,-1.214172
0.000000135570,-1.211042
0.000000135970,-1.217300
0.000000136370,-1.207912
0.000000136770,-1.204783
0.000000137170,-1.211042
0.000000137570,-1.211042
0.000000137970,-1.204783
0.000000138370,-1.204783
0.000000138770,-1.201653
0.000000139170,-1.201653
0.000000139570,-1.198524
0.000000139970,-1.201653
0.000000140370,-1.195395
0.000000140770,-1.195396
0.000000141170,-1.186008
0.000000141570,-1.186008
0.000000141970,-1.179749
0.000000142370,-1.179749
0.000000142770,-1.182879
0.000000143170,-1.176620
0.000000143570,-1.176621
0.000000143970,-1.176620
0.000000144370,-1.179749
0.000000144770,-1.173490
0.000000145170,-1.170361
0.000000145570,-1.173490
0.000000145970,-1.164103
0.000000146370,-1.167233
0.000000146770,-1.154715
0.000000147170,-1.157844
0.000000147570,-1.157844
0.000000147970,-1.157844
0.000000148370,-1.148456
0.000000148770,-1.148455
0.000000149170,-1.151586
0.000000149570,-1.154715
0.000000149970,-1.145327
0.000000150370,-1.151585
0.000000150770,-1.145327
0.000000151170,-1.139068
0.000000151569,-1.139068
0.000000151969,-1.129681
0.000000152369,-1.135938
0.000000152769,-1.129681
0.000000153169,-1.129680
0.000000153569,-1.132809
0.000000153969,-1.123422
0.000000154369,-1.126550
0.000000154769,-1.123422
0.000000155169,-1.117162
0.000000155569,-1.117163
0.000000155969,-1.120292
0.000000156369,-1.117163
0.000000156769,-1.114033
0.000000157169,-1.110904
0.000000157569,-1.107775
0.000000157969,-1.110904
0.000000158369,-1.114034
0.000000158769,-1.104645
0.000000159169,-1.098386
0.000000159569,-1.092129
0.000000159969,-1.098387
0.000000160369,-1.095257
0.000000160769,-1.092129
0.000000161169,-1.092128
0.000000161569,-1.082740
0.000000161969,-1.079610
0.000000162369,-1.082740
0.000000162769,-1.076482
0.000000163169,-1.073352
0.000000163569,-1.076481
0.000000163969,-1.079610
0.000000164369,-1.082740
0.000000164769,-1.073352
0.000000165169,-1.070223
0.000000165569,-1.070223
0.000000165969,-1.060834
0.000000166369,-1.067093
0.000000166769,-1.060834
0.000000167169,-1.054577
0.000000167569,-1.054576
0.000000167969,-1.060834
0.000000168369,-1.054576
0.000000168769,-1.054576
0.000000169169,-1.048318
0.000000169569,-1.051447
0.000000169969,-1.042058
0.000000170369,-1.048318
0.000000170769,-1.045188
0.000000171169,-1.042058
0.000000171569,-1.038930
0.000000171969,-1.038930
0.000000172369,-1.029541
0.000000172769,-1.029541
0.000000173169,-1.035800
0.000000173569,-1.032671
0.000000173969,-1.020152
0.000000174369,-1.026411
0.000000174769,-1.032671
0.000000175169,-1.026411
0.000000175569,-1.020153
0.000000175969,-1.017025
0.000000176369,-1.017024
0.000000176769,-1.010766
0.000000177169,-1.013895
0.000000177569,-1.010766
0.000000177969,-1.004507
0.000000178369,-1.004507
0.000000178769,-1.004506
0.000000179169,-0.998248
0.000000179569,-1.004506
0.000000179969,-1.004506
0.000000180369,-0.998248
0.000000180769,-0.998248
0.000000181169,-0.998248
0.000000181569,-0.991989
0.000000181969,-0.995119
0.000000182369,-0.988859
0.000000182769,-0.991989
0.000000183169,-0.988859
0.000000183569,-0.988859
0.000000183969,-0.988859
0.000000184369,-0.982600
0.000000184769,-0.982600
0.000000185169,-0.976343
0.000000185569,-0.976343
0.000000185969,-0.970084
0.000000186369,-0.973214
0.000000186769,-0.976343
0.000000187169,-0.970084
0.000000187569,-0.973214
0.000000187969,-0.970085
0.000000188369,-0.963825
0.000000188769,-0.960695
0.000000189169,-0.963826
0.000000189569,-0.966954
0.000000189969,-0.957567
0.000000190369,-0.963826
0.000000190769,-0.960696
0.000000191169,-0.957567
0.000000191569,-0.957567
0.000000191969,-0.960696
0.000000192369,-0.951307
0.000000192769,-0.945048
0.000000193169,-0.948178
0.000000193569,-0.951307
0.000000193969,-0.951307
0.000000194369,-0.948178
0.000000194769,-0.938791
0.000000195169,-0.935661
0.000000195569,-0.938791
0.000000195969,-0.938791
0.000000196369,-0.935661
0.000000196769,-0.932532
0.000000197169,-0.932532
0.000000197569,-0.932532
0.000000197969,-0.929402
0.000000198369,-0.929402
0.000000198769,-0.926273
0.000000199169,-0.926273
0.000000199569,-0.923143
0.000000199969,-0.920013
0.000000200369,-0.923143
0.000000200769,-0.920013
0.000000201169,-0.910626
0.000000201569,-0.913755
0.000000201969,-0.907496
0.000000202369,-0.910626
0.000000202769,-0.913755
0.000000203169,-0.907496
0.000000203569,-0.910626
0.000000203969,-0.907496
0.000000204369,-0.904367
0.000000204769,-0.904367
0.000000205169,-0.898107
0.000000205569,-0.898107
0.000000205969,-0.891850
0.000000206369,-0.888722
0.000000206769,-0.894979
0.000000207169,-0.891850
0.000000207569,-0.891850
0.000000207968,-0.882462
0.000000208368,-0.891850
0.000000208768,-0.888722
0.000000209168,-0.888722
0.000000209568,-0.888722
0.000000209968,-0.879333
0.000000210368,-0.882462
0.000000210768,-0.879333
0.000000211168,-0.882462
0.000000211568,-0.879333
0.000000211968,-0.873074
0.000000212368,-0.873074
0.000000212768,-0.869945
0.000000213168,-0.869945
0.000000213568,-0.873074
0.000000213968,-0.866814
0.000000214368,-0.866815
0.000000214768,-0.860557
0.000000215168,-0.863687
0.000000215568,-0.866814
0.000000215968,-0.863686
0.000000216368,-0.860557
0.000000216768,-0.854299
0.000000217168,-0.854298
0.000000217568,-0.857428
0.000000217968,-0.851170
0.000000218368,-0.844910
0.000000218768,-0.851170
0.000000219168,-0.851170
0.000000219568,-0.844910
0.000000219968,-0.848040
0.000000220368,-0.841781
0.000000220768,-0.848040
0.000000221168,-0.841781
0.000000221568,-0.841781
0.000000221968,-0.835522
0.000000222368,-0.838651
0.000000222768,-0.838651
0.000000223168,-0.832392
0.000000223568,-0.835522
0.000000223968,-0.829263
0.000000224368,-0.829262
0.000000224768,-0.823005
0.000000225168,-0.823005
0.000000225568,-0.826134
0.000000225968,-0.823005
0.000000226368,-0.826134
0.000000226768,-0.819876
0.000000227168,-0.816747
0.000000227568,-0.823005
0.000000227968,-0.819876
0.000000228368,-0.813618
0.000000228768,-0.813618
0.000000229168,-0.810488
0.000000229568,-0.810488
0.000000229968,-0.810488
0.000000230368,-0.810488
0.000000230768,-0.807358
0.000000231168,-0.801099
0.000000231568,-0.804229
0.000000231968,-0.804229
0.000000232368,-0.797970
0.000000232768,-0.797970
0.000000233168,-0.794840
0.000000233568,-0.797970
0.000000233968,-0.788582
0.000000234368,-0.788582
0.000000234768,-0.788582
0.000000235168,-0.785453
0.000000235568,-0.788583
0.000000235968,-0.788583
0.000000236368,-0.785453
0.000000236768,-0.782324
0.000000237168,-0.779195
0.000000237568,-0.785453
0.000000237968,-0.776066
0.000000238368,-0.776066
0.000000238768,-0.779194
0.000000239168,-0.776066
0.000000239568,-0.776066
0.000000239968,-0.769806
0.000000240368,-0.776066
0.000000240768,-0.769806
0.000000241168,-0.772936
0.000000241568,-0.766677
0.000000241968,-0.766677
0.000000242368,-0.772936
0.000000242768,-0.769806
0.000000243168,-0.772936
0.000000243568,-0.766677
0.000000243968,-0.766677
0.000000244368,-0.763547
0.000000244768,-0.760418
0.000000245168,-0.763547
0.000000245568,-0.760418
0.000000245968,-0.751031
0.000000246368,-0.757288
0.000000246768,-0.757288
0.000000247168,-0.760418
0.000000247568,-0.757288
0.000000247968,-0.751030
0.000000248368,-0.754159
0.000000248768,-0.751030
0.000000249168,-0.744773
0.000000249568,-0.751030
0.000000249968,-0.754158
0.000000250368,-0.744772
0.000000250768,-0.747901
0.000000251168,-0.741643
0.000000251568,-0.747901
0.000000251968,-0.741642
0.000000252368,-0.744773
0.000000252768,-0.741643
0.000000253168,-0.741643
0.000000253568,-0.738513
0.000000253968,-0.738513
0.000000254368,-0.738512
0.000000254768,-0.738513
0.000000255168,-0.732254
0.000000255568,-0.732254
0.000000255968,-0.732254
0.000000256368,-0.732254
0.000000256768,-0.735384
0.000000257168,-0.732254
0.000000257568,-0.735384
0.000000257968,-0.719736
0.000000258368,-0.722865
0.000000258768,-0.729125
0.000000259168,-0.722865
0.000000259568,-0.729125
0.000000259968,-0.729125
0.000000260368,-0.716607
0.000000260768,-0.713479
0.000000261168,-0.716607
0.000000261568,-0.716607
0.000000261968,-0.710348
0.000000262368,-0.710348
0.000000262768,-0.713479
0.000000263168,-0.710349
0.000000263568,-0.710349
0.000000263968,-0.710349
0.000000264368,-0.700960
0.000000264768,-0.700960
0.000000265168,-0.704090
0.000000265568,-0.704090
0.000000265968,-0.700960
0.000000266368,-0.694701
0.000000266768,-0.697831
0.000000267168,-0.697831
0.000000267568,-0.694702
0.000000267968,-0.691573
0.000000268368,-0.694701
0.000000268768,-0.691573
0.000000269168,-0.685313
0.000000269568,-0.691573
0.000000269968,-0.685313
0.000000270368,-0.688443
0.000000270768,-0.685313
0.000000271168,-0.682184
0.000000271568,-0.679054
0.000000271968,-0.679054
0.000000272368,-0.679054
0.000000272768,-0.682184
0.000000273168,-0.675925
0.000000273568,-0.679054
0.000000273968,-0.672795
0.000000274368,-0.672795
0.000000274768,-0.672795
0.000000275168,-0.672795
0.000000275568,-0.672795
0.000000275969,-0.669666
0.000000276369,-0.672795
0.000000276769,-0.666538
0.000000277169,-0.666538
0.000000277569,-0.669666
0.000000277969,-0.663409
0.000000278369,-0.666538
0.000000278769,-0.660280
0.000000279169,-0.657150
0.000000279569,-0.660280
0.000000279969,-0.660280
0.000000280369,-0.663408
0.000000280769,-0.666538
0.000000281169,-0.657150
0.000000281569,-0.660280
0.000000281969,-0.657150
0.000000282369,-0.660280
0.000000282769,-0.660280
0.000000283169,-0.647761
0.000000283569,-0.654021
0.000000283969,-0.654021
0.000000284369,-0.650891
0.000000284769,-0.647761
0.000000285169,-0.647761
0.000000285569,-0.650891
0.000000285969,-0.641503
0.000000286369,-0.644633
0.000000286769,-0.647761
0.000000287169,-0.641504
0.000000287569,-0.641502
0.000000287969,-0.641502
0.000000288369,-0.641502
0.000000288769,-0.638374
0.000000289169,-0.641502
0.000000289569,-0.641503
0.000000289969,-0.635245
0.000000290369,-0.635245
0.000000290769,-0.628987
0.000000291169,-0.625857
0.000000291569,-0.628987
0.000000291969,-0.632115
0.000000292369,-0.628987
0.000000292769,-0.628987
0.000000293169,-0.625857
0.000000293569,-0.625857
0.000000293969,-0.625857
0.000000294369,-0.622728
0.000000294769,-0.625857
0.000000295169,-0.619598
0.000000295569,-0.622728
0.000000295969,-0.622728
0.000000296369,-0.619598
0.000000296769,-0.619598
0.000000297169,-0.619598
0.000000297569,-0.619598
0.000000297969,-0.616469
0.000000298369,-0.613339
0.000000298769,-0.616469
0.000000299169,-0.613339
0.000000299569,-0.616469
0.000000299969,-0.607081
0.000000300369,-0.613339
0.000000300769,-0.610209
0.000000301169,-0.610209
0.000000301569,-0.607080
0.000000301969,-0.600822
0.000000302369,-0.600822
0.000000302769,-0.600822
0.000000303169,-0.600822
0.000000303569,-0.603951
0.000000303969,-0.603951
0.000000304369,-0.594565
0.000000304769,-0.594565
0.000000305169,-0.597693
0.000000305569,-0.597693
0.000000305969,-0.585176
0.000000306369,-0.591434
0.000000306769,-0.594565
0.000000307169,-0.591435
0.000000307569,-0.588305
0.000000307969,-0.588305
0.000000308369,-0.588305
0.000000308769,-0.588305
0.000000309169,-0.585176
0.000000309569,-0.588305
0.000000309969,-0.582046
0.000000310369,-0.582046
0.000000310769,-0.585176
0.000000311169,-0.582046
0.000000311569,-0.582046
0.000000311969,-0.578916
0.000000312369,-0.578916
0.000000312769,-0.582046
0.000000313169,-0.575787
0.000000313569,-0.582046
0.000000313969,-0.578916
0.000000314369,-0.572657
0.000000314769,-0.578916
0.000000315169,-0.578916
0.000000315569,-0.575787
0.000000315969,-0.569529
0.000000316369,-0.566398
0.000000316769,-0.569529
0.000000317169,-0.566398
0.000000317569,-0.566398
0.000000317969,-0.566398
0.000000318369,-0.563270
0.000000318769,-0.560141
0.000000319169,-0.563270
0.000000319569,-0.560141
0.000000319969,-0.557011
0.000000320369,-0.557012
0.000000320769,-0.560141
0.000000321169,-0.553883
0.000000321569,-0.560141
0.000000321969,-0.557011
0.000000322369,-0.560141
0.000000322769,-0.550753
0.000000323169,-0.547624
0.000000323569,-0.550753
0.000000323969,-0.547624
0.000000324369,-0.547624
0.000000324769,-0.547624
0.000000325169,-0.544494
0.000000325569,-0.547624
0.000000325969,-0.547624
0.000000326369,-0.544494
0.000000326769,-0.544494
0.000000327169,-0.541364
0.000000327569,-0.541364
0.000000327969,-0.541364
0.000000328369,-0.544494
0.000000328769,-0.544494
0.000000329169,-0.538235
0.000000329569,-0.531976
0.000000329969,-0.538235
0.000000330369,-0.535105
0.000000330769,-0.535105
0.000000331169,-0.531977
0.000000331569,-0.531976
0.000000331970,-0.528847
0.000000332370,-0.535105
0.000000332770,-0.535105
0.000000333170,-0.528847
0.000000333570,-0.528847
0.000000333970,-0.525719
0.000000334370,-0.522589
0.000000334770,-0.525717
0.000000335170,-0.519459
0.000000335570,-0.525717
0.000000335970,-0.522589
0.000000336370,-0.519460
0.000000336770,-0.519460
0.000000337170,-0.513201
0.000000337570,-0.513201
0.000000337970,-0.519459
0.000000338370,-0.519459
0.000000338770,-0.519460
0.000000339170,-0.516331
0.000000339570,-0.513201
0.000000339970,-0.513200
0.000000340370,-0.513201
0.000000340770,-0.516331
0.000000341170,-0.503812
0.000000341570,-0.513201
0.000000341970,-0.506942
0.000000342370,-0.503812
0.000000342770,-0.510072
0.000000343170,-0.503812
0.000000343570,-0.506942
0.000000343970,-0.510072
0.000000344370,-0.500683
0.000000344770,-0.503812
0.000000345170,-0.500683
0.000000345570,-0.500683
0.000000345970,-0.500683
0.000000346370,-0.497553
0.000000346770,-0.500683
0.000000347170,-0.494424
0.000000347570,-0.497553
0.000000347970,-0.497554
0.000000348370,-0.491294
0.000000348770,-0.491295
0.000000349170,-0.494424
0.000000349570,-0.494424
0.000000349970,-0.497553
0.000000350370,-0.488166
0.000000350770,-0.497553
0.000000351170,-0.494424
0.000000351570,-0.491295
0.000000351970,-0.491295
0.000000352370,-0.488166
0.000000352770,-0.494424
0.000000353170,-0.485037
0.000000353570,-0.488166
0.000000353970,-0.485037
0.000000354370,-0.481907
0.000000354770,-0.488166
0.000000355170,-0.485037
0.000000355570,-0.481907
0.000000355970,-0.481907
0.000000356370,-0.475649
0.000000356770,-0.481907
0.000000357170,-0.475649
0.000000357570,-0.485037
0.000000357970,-0.478778
0.000000358370,-0.472520
0.000000358770,-0.475649
0.000000359170,-0.469390
0.000000359570,-0.475649
0.000000359970,-0.475649
0.000000360370,-0.472520
0.000000360770,-0.472520
0.000000361170,-0.469390
0.000000361570,-0.478778
0.000000361970,-0.472520
0.000000362370,-0.469390
0.000000362770,-0.466260
0.000000363170,-0.460001
0.000000363570,-0.466260
0.000000363970,-0.463131
0.000000364370,-0.466260
0.000000364770,-0.466260
0.000000365170,-0.460001
0.000000365570,-0.460001
0.000000365970,-0.463131
0.000000366370,-0.460001
0.000000366770,-0.456872
0.000000367170,-0.453743
0.000000367570,-0.463131
0.000000367970,-0.466260
0.000000368370,-0.456872
0.000000368770,-0.460001
0.000000369170,-0.453743
0.000000369570,-0.456872
0.000000369970,-0.453744
0.000000370370,-0.450614
0.000000370770,-0.450613
0.000000371170,-0.441226
0.000000371570,-0.450614
0.000000371970,-0.450614
0.000000372370,-0.441227
0.000000372770,-0.450614
0.000000373170,-0.444355
0.000000373570,-0.450614
0.000000373970,-0.444355
0.000000374370,-0.438097
0.000000374770,-0.438097
0.000000375170,-0.434967
0.000000375570,-0.444355
0.000000375970,-0.444355
0.000000376370,-0.431838
0.000000376770,-0.434967
0.000000377170,-0.434967
0.000000377570,-0.434967
0.000000377970,-0.431838
0.000000378370,-0.428708
0.000000378770,-0.434967
0.000000379170,-0.434967
0.000000379570,-0.431838
0.000000379970,-0.428708
0.000000380370,-0.428708
0.000000380770,-0.431838
0.000000381170,-0.422449
0.000000381570,-0.428708
0.000000381970,-0.431838
0.000000382370,-0.419321
0.000000382770,-0.425579
0.000000383170,-0.422449
0.000000383570,-0.425579
0.000000383970,-0.428708
0.000000384370,-0.419321
0.000000384770,-0.422450
0.000000385170,-0.419319
0.000000385570,-0.422450
0.000000385970,-0.422449
0.000000386370,-0.416191
0.000000386770,-0.422449
0.000000387170,-0.422449
0.000000387570,-0.416191
0.000000387971,-0.413061
0.000000388371,-0.413062
0.000000388771,-0.416192
0.000000389171,-0.416191
0.000000389571,-0.419321
0.000000389971,-0.413062
0.000000390371,-0.406803
0.000000390771,-0.419321
0.000000391171,-0.419321
0.000000391571,-0.409933
0.000000391971,-0.413061
0.000000392371,-0.413062
0.000000392771,-0.413061
0.000000393171,-0.403674
0.000000393571,-0.409933
0.000000393971,-0.409933
0.000000394371,-0.403675
0.000000394771,-0.409933
0.000000395171,-0.406804
0.000000395571,-0.406803
0.000000395971,-0.409933
0.000000396371,-0.397415
0.000000396771,-0.406803
0.000000397171,-0.403675
0.000000397571,-0.403674
0.000000397971,-0.400545
0.000000398371,-0.403675
0.000000398771,-0.403674
0.000000399171,-0.397415
0.000000399571,-0.403674
0.000000399971,-0.400544
0.000000400371,-0.400544
0.000000400771,-0.403674
0.000000401171,-0.394286
0.000000401571,-0.397415
0.000000401971,-0.394286
0.000000402371,-0.394286
0.000000402771,-0.397414
0.000000403171,-0.397414
0.000000403571,-0.391156
0.000000403971,-0.394286
0.000000404371,-0.394286
0.000000404771,-0.394286
0.000000405171,-0.384897
0.000000405571,-0.391156
0.000000405971,-0.391156
0.000000406371,-0.384897
0.000000406771,-0.391156
0.000000407171,-0.388028
0.000000407571,-0.384897
0.000000407971,-0.384897
0.000000408371,-0.381767
0.000000408771,-0.384897
0.000000409171,-0.378640
0.000000409571,-0.381768
0.000000409971,-0.381768
0.000000410371,-0.381768
0.000000410771,-0.384897
0.000000411171,-0.378639
0.000000411571,-0.378640
0.000000411971,-0.375509
0.000000412371,-0.378640
0.000000412771,-0.381768
0.000000413171,-0.372381
0.000000413571,-0.378639
0.000000413971,-0.378640
0.000000414371,-0.372381
0.000000414771,-0.369251
0.000000415171,-0.372381
0.000000415571,-0.372381
0.000000415971,-0.372381
0.000000416371,-0.366122
0.000000416771,-0.369251
0.000000417171,-0.366123
0.000000417571,-0.372381
0.000000417971,-0.375510
0.000000418371,-0.369251
0.000000418771,-0.369251
0.000000419171,-0.366123
0.000000419571,-0.362992
0.000000419971,-0.369251
0.000000420371,-0.366122
0.000000420771,-0.372381
0.000000421171,-0.359863
0.000000421571,-0.369251
0.000000421971,-0.366122
0.000000422371,-0.359863
0.000000422771,-0.366122
0.000000423171,-0.362992
0.000000423571,-0.362993
0.000000423971,-0.362992
0.000000424371,-0.356734
0.000000424771,-0.362993
0.000000425171,-0.356734
0.000000425571,-0.362992
0.000000425971,-0.356734
0.000000426371,-0.347345
0.000000426771,-0.356734
0.000000427171,-0.353604
0.000000427571,-0.356733
0.000000427971,-0.362992
0.000000428371,-0.356734
0.000000428771,-0.356734
0.000000429171,-0.347345
0.000000429571,-0.350475
0.000000429971,-0.356734
0.000000430371,-0.350475
0.000000430771,-0.353604
0.000000431171,-0.353604
0.000000431571,-0.344216
0.000000431971,-0.344216
0.000000432371,-0.344216
0.000000432771,-0.347346
0.000000433171,-0.350475
0.000000433571,-0.356734
0.000000433971,-0.347345
0.000000434371,-0.344216
0.000000434771,-0.344216
0.000000435171,-0.341087
0.000000435571,-0.347346
0.000000435971,-0.347346
0.000000436371,-0.344216
0.000000436771,-0.344216
0.000000437171,-0.337958
0.000000437571,-0.344216
0.000000437971,-0.347345
0.000000438371,-0.337958
0.000000438771,-0.341087
0.000000439171,-0.344215
0.000000439571,-0.334829
0.000000439971,-0.341087
0.000000440371,-0.337958
0.000000440771,-0.341088
0.000000441171,-0.334829
0.000000441571,-0.337958
0.000000441971,-0.337958
0.000000442371,-0.334829
0.000000442771,-0.334829
